type,name,module,path,hash
"csv","agent-manifest","_cfg","bmad/_cfg/agent-manifest.csv","3790ea69c83d04526e45d04cfc7e72d2e7939ca142470280e7beed749990947f"
"csv","task-manifest","_cfg","bmad/_cfg/task-manifest.csv","46f98b1753914dc6193c9ca8b6427fadc9a6d71747cdc8f5159792576c004b60"
"csv","workflow-manifest","_cfg","bmad/_cfg/workflow-manifest.csv","23a3bddbd7661e982a160a6ddcd66a8fdbfe4ab1f276cf9bd5504feb29d047c8"
"yaml","manifest","_cfg","bmad/_cfg/manifest.yaml","ba309fb52b3e304ebb0b22f31da7fb771ba45eff10e8c86ce5f5b146ba64d39c"
"js","installer","bmb","bmad/bmb/workflows/create-module/installer-templates/installer.js","a539cd5266471dab9359bd3ed849d7b45c5de842a9d5869f8332a5a8bb81fad5"
"md","agent-architecture","bmb","bmad/bmb/workflows/create-agent/agent-architecture.md","ea570cf9893c08d3b9519291c89848d550506a8d831a37eb87f60f1e09980e7f"
"md","agent-command-patterns","bmb","bmad/bmb/workflows/create-agent/agent-command-patterns.md","1dbc414c0c6c9e6b54fb0553f65a28743a26e2a172c35b79fc3dc350d50a378d"
"md","agent-types","bmb","bmad/bmb/workflows/create-agent/agent-types.md","a9429475767b6db4bb74fb27e328a8fdb3e8e7176edb2920ae3e0106d85e9d83"
"md","bmad-builder","bmb","bmad/bmb/agents/bmad-builder.md","659dc18c216077a3dd21393b6a82a08f064c2fb978e383255cbcc9f30393f57a"
"md","brainstorm-context","bmb","bmad/bmb/workflows/create-agent/brainstorm-context.md","85be72976c4ff5d79b2bce8e6b433f5e3526a7466a72b3efdb4f6d3d118e1d15"
"md","brainstorm-context","bmb","bmad/bmb/workflows/create-module/brainstorm-context.md","62b902177d2cb56df2d6a12e5ec5c7d75ec94770ce22ac72c96691a876ed2e6a"
"md","brainstorm-context","bmb","bmad/bmb/workflows/create-workflow/brainstorm-context.md","f246ec343e338068b37fee8c93aa6d2fe1d4857addba6db3fe6ad80a2a2950e8"
"md","checklist","bmb","bmad/bmb/workflows/convert-legacy/checklist.md","c6e3f1ed4150506236d0d6bd46a19bc824a807333c861be9eeb9d83a8b008442"
"md","checklist","bmb","bmad/bmb/workflows/create-agent/checklist.md","837667f2bd601833568b327b961ba0dd363ba9a0d240625eebc9d1a9685ecbd8"
"md","checklist","bmb","bmad/bmb/workflows/create-module/checklist.md","494f5bcef32b3abfd4fb24023fdcfad70b222521dae12e71049ec55e6041cc08"
"md","checklist","bmb","bmad/bmb/workflows/create-workflow/checklist.md","78325ed31532c0059a3f647f7f4cda7702919a9ef43634afa419d3fa30ee2a0c"
"md","checklist","bmb","bmad/bmb/workflows/create-workflow/workflow-template/checklist.md","a950c68c71cd54b5a3ef4c8d68ad8ec40d5d1fa057f7c95e697e975807ae600b"
"md","checklist","bmb","bmad/bmb/workflows/edit-workflow/checklist.md","9677c087ddfb40765e611de23a5a009afe51c347683dfe5f7d9fd33712ac4795"
"md","checklist","bmb","bmad/bmb/workflows/module-brief/checklist.md","821c90da14f02b967cb468b19f59a26c0d8f044d7a81a8b97631fb8ffac7648f"
"md","checklist","bmb","bmad/bmb/workflows/redoc/checklist.md","2117d60b14e19158f4b586878b3667d715d3b62f79815b72b55c2376ce31aae8"
"md","communication-styles","bmb","bmad/bmb/workflows/create-agent/communication-styles.md","1aea4671532682bc14e4cb4036bfa2ebb3e07da7e91bd6e739b20f85515bfacf"
"md","instructions","bmb","bmad/bmb/workflows/convert-legacy/instructions.md","226e52372831617394fe0bd8f3c8e5eabbb056cd16c1fe028a41863de1e9d0e0"
"md","instructions","bmb","bmad/bmb/workflows/create-agent/instructions.md","9d81b4c74130423dbececdf2eca25a0dcefb982c5e64ef71bb78c466c25993e2"
"md","instructions","bmb","bmad/bmb/workflows/create-module/instructions.md","8dd2129a77814c1ec70b178e5a82856ef3e09174007aa6cff34889557961939a"
"md","instructions","bmb","bmad/bmb/workflows/create-workflow/instructions.md","282d4551e563d98b7549f780fa9c33995c6b98af4a447f5b98af745373bdb50e"
"md","instructions","bmb","bmad/bmb/workflows/create-workflow/workflow-template/instructions.md","acb05fe42dcad7f9a2e59e53fdb92a23b5967e2fff729043658ce27ae117e1d7"
"md","instructions","bmb","bmad/bmb/workflows/edit-workflow/instructions.md","061cb5f583f01106155bc388fe159533b4b657083000ba42253ac54ee78bc8f6"
"md","instructions","bmb","bmad/bmb/workflows/module-brief/instructions.md","2b4d5d1596cf55024f94d3f09fa50516f273639b6b595af51cc3883097c897b0"
"md","instructions","bmb","bmad/bmb/workflows/redoc/instructions.md","e987f10e333e00b6a35fcf614301da5e23879f3dc6c8e798535dcd67fbd15157"
"md","module-structure","bmb","bmad/bmb/workflows/create-module/module-structure.md","9970768af75da79b4cdef78096c751e70a3a00194af58dca7ed58a79d324423f"
"md","README","bmb","bmad/bmb/README.md","af2cdbeede53eff1ecf95c1e6d7ee1535366ba09b352657fa05576792a2bafb4"
"md","README","bmb","bmad/bmb/workflows/convert-legacy/README.md","669de90715ae2004d2fac337f951760826c68102c44f69ce35a7691a611ea288"
"md","README","bmb","bmad/bmb/workflows/create-agent/README.md","cc1d51e22c425e005ddbe285510ff5a6fc6cf1e40d0ffe5ff421c1efbcbe94c0"
"md","README","bmb","bmad/bmb/workflows/create-module/README.md","cdacbe6c4896fd02714b598e709b785af38d41d7e42d39802d695617fe221b39"
"md","README","bmb","bmad/bmb/workflows/create-workflow/README.md","56501b159b18e051ebcc78b4039ad614e44d172fe06dce679e9b24122a4929b5"
"md","README","bmb","bmad/bmb/workflows/edit-workflow/README.md","2141d42d922701281d4d92e435d4690c462c53cf31e8307c87252f0cabec4987"
"md","README","bmb","bmad/bmb/workflows/module-brief/README.md","05772db9095db7b4944e9fc47a049a3609c506be697537fd5fd9e409c10b92f4"
"md","README","bmb","bmad/bmb/workflows/redoc/README.md","a1b7e02427cf252bca69a8a1ee0f554844a6a01b5d568d74f494c71542056173"
"md","template","bmb","bmad/bmb/workflows/create-workflow/workflow-template/template.md","c98f65a122035b456f1cbb2df6ecaf06aa442746d93a29d1d0ed2fc9274a43ee"
"md","template","bmb","bmad/bmb/workflows/module-brief/template.md","7d1ad5ec40b06510fcbb0a3da8ea32aefa493e5b04c3a2bba90ce5685b894275"
"md","workflow-creation-guide","bmb","bmad/bmb/workflows/create-workflow/workflow-creation-guide.md","0abfd6ebe27eb5ce7f87a868ed52af139875c195018c1dde9e1df17dececa458"
"yaml","bmad-builder.agent","bmb","bmad/bmb/agents/bmad-builder.agent.yaml",""
"yaml","config","bmb","bmad/bmb/config.yaml","ebb41808abcfe0a59b531ade41b42150610909d95b0159307719e3f21d56607d"
"yaml","install-module-config","bmb","bmad/bmb/workflows/create-module/installer-templates/install-module-config.yaml","69c03628b04600f76aa1aa136094d59514f8eb900529114f7233dc28f2d5302d"
"yaml","workflow","bmb","bmad/bmb/workflows/convert-legacy/workflow.yaml","c31cee9cc0d457b25954554d7620c7455b3f1b5aa5b5d72fbc765ea7902c3c0c"
"yaml","workflow","bmb","bmad/bmb/workflows/create-agent/workflow.yaml","642cb7d6f9bb6948c1897f5353b40f77a581d560001b47d09181595fcba50f0f"
"yaml","workflow","bmb","bmad/bmb/workflows/create-module/workflow.yaml","1e1330363618c4a34aab334851a10dd02ce905e8b8540e8a8b03a821da427a56"
"yaml","workflow","bmb","bmad/bmb/workflows/create-workflow/workflow-template/workflow.yaml","76de202951a6921527b5dad41360e1e95bf621ca5335a09fe48d5d2b0718f2fb"
"yaml","workflow","bmb","bmad/bmb/workflows/create-workflow/workflow.yaml","78cb9a64016dc4473a5371057f46282bb3bfa6d7d8d4de520edaef62aaae5418"
"yaml","workflow","bmb","bmad/bmb/workflows/edit-workflow/workflow.yaml","7f91c07b3ea09408167274e0db7ebdd425bc7e10b721494f7f85d900859bfd43"
"yaml","workflow","bmb","bmad/bmb/workflows/module-brief/workflow.yaml","c0c370433b129687c1dd2ee6cb53231bc4418af7f60f3afd5c1ba12b8cb404b5"
"yaml","workflow","bmb","bmad/bmb/workflows/redoc/workflow.yaml","aa8ae9e82e2951f17e45ace6f2a415966dd881d7d1a217c44968c2658d46ec56"
"csv","game-brain-methods","bmm","bmad/bmm/workflows/1-analysis/brainstorm-game/game-brain-methods.csv","9dd6c853bcd04038223abf0263c465381dace3c9b13c9eb637f22ce9dc93210e"
"csv","game-types","bmm","bmad/bmm/workflows/2-plan/gdd/game-types.csv","a44c04d09432c886a7a5a8112474bd32540d8e84de25b308dca0f96e570651fd"
"csv","project-types","bmm","bmad/bmm/workflows/3-solutioning/project-types/project-types.csv","dd3f3b1daf06b09e79691c513e83c8256df1cc79147f2f05cadb3704c7e4cb9d"
"csv","registry","bmm","bmad/bmm/workflows/3-solutioning/templates/registry.csv","d6b3611fc60d2ce45abca3b9cbd2ce8308005ffc913c9bc19df7b180accdd249"
"csv","tea-index","bmm","bmad/bmm/testarch/tea-index.csv","1e98d260bbd875c6245e650be95a5bd626320957d5fe3e4fdc6f2d31d9558ea1"
"md","action-platformer","bmm","bmad/bmm/workflows/2-plan/gdd/game-types/action-platformer.md","f1cbe9e9a52acd01ff120d05ce22fa81b30500933f62a3c6c36642280244057c"
"md","ADR-template","bmm","bmad/bmm/workflows/3-solutioning/ADR-template.md","c43213a6f4c1e6a0afbfb5dab26505a385966cfa15e2c468d8c174b4a5161995"
"md","adventure","bmm","bmad/bmm/workflows/2-plan/gdd/game-types/adventure.md","06aa57786c2e7ebc7580d501fcdefaabb28933c7b5785d6643bf643f58ae13e7"
"md","analysis-template","bmm","bmad/bmm/workflows/2-plan/prd/analysis-template.md","702fddd00b56a74e3f884f382c4c16a1f34804607392c17ff186e0742da4321d"
"md","analyst","bmm","bmad/bmm/agents/analyst.md","3f4d380bb97a810639d7e0e43c9898b3c8bd243d3146152a2b10fcb832a63a29"
"md","architect","bmm","bmad/bmm/agents/architect.md","3676c1326afec3e11da67ab83a87f151ef4b2cb54c566c58cbd73a1126878677"
"md","backend-questions","bmm","bmad/bmm/workflows/3-solutioning/project-types/backend-questions.md","7c8a6c35ffde58440ba5df2f14ca5ea2421f6d1341b53e372fcb2cebbe1c5cdc"
"md","backend-service-architecture","bmm","bmad/bmm/workflows/3-solutioning/templates/backend-service-architecture.md","bb1688916680cfe3d723d6991d68bf288931dc27713b5f5f27ec08955a57ef4f"
"md","backlog_template","bmm","bmad/bmm/workflows/4-implementation/review-story/backlog_template.md","84b1381c05012999ff9a8b036b11c8aa2f926db4d840d256b56d2fa5c11f4ef7"
"md","bmm-competitor-analyzer","bmm","bmad/bmm/workflows/1-analysis/research/claude-code/sub-agents/bmm-competitor-analyzer.md","82d80930d8ed89d3b58616e53fc6f6f2788fd2fe88a08cff41a1500ff640201c"
"md","bmm-data-analyst","bmm","bmad/bmm/workflows/1-analysis/research/claude-code/sub-agents/bmm-data-analyst.md","a50ddc2dca39cc36289a43ff9c635ab5304e50b60174fa4fc34254d86464599e"
"md","bmm-market-researcher","bmm","bmad/bmm/workflows/1-analysis/research/claude-code/sub-agents/bmm-market-researcher.md","8993d2b104e1aca7b9407d9ab1af8958397c7abdf673b68756747f6d795ae929"
"md","bmm-trend-spotter","bmm","bmad/bmm/workflows/1-analysis/research/claude-code/sub-agents/bmm-trend-spotter.md","375ec3502fadd7f8e2403e71707ece5bbad703ee60360c068f9cf90fe409d6fa"
"md","bmm-user-researcher","bmm","bmad/bmm/workflows/1-analysis/research/claude-code/sub-agents/bmm-user-researcher.md","7f4733add8e3d89546e9769a7b0d259d73c262876ac64aff04d51e3094032afb"
"md","card-game","bmm","bmad/bmm/workflows/2-plan/gdd/game-types/card-game.md","6b9298ace2607c8e93d64533e6406828053234282e4977e4407faa2e9302fd0a"
"md","checklist","bmm","bmad/bmm/workflows/1-analysis/game-brief/checklist.md","3516d66cffceb3e5ab23e1ddc9aaed8c0335eb0755e7437488cdebff96162395"
"md","checklist","bmm","bmad/bmm/workflows/1-analysis/product-brief/checklist.md","d801d792e3cf6f4b3e4c5f264d39a18b2992a197bc347e6d0389cc7b6c5905de"
"md","checklist","bmm","bmad/bmm/workflows/1-analysis/research/checklist.md","0524c5a0ea841d9b98b6f5a5cec095d0ecbd35779aa0ae079f6a81d36af16389"
"md","checklist","bmm","bmad/bmm/workflows/2-plan/checklist.md","f42eeb00f8ca8c85cc1727e4198e72c7f98b142988ebd32747e5b3e911e45364"
"md","checklist","bmm","bmad/bmm/workflows/3-solutioning/checklist.md","fef7232e7c0da80a02241ae4c00af6f11e4985b0ac49bddabf3fee1172aac426"
"md","checklist","bmm","bmad/bmm/workflows/3-solutioning/tech-spec/checklist.md","07e61427814d7f97c86dc02f4c9caedbe725b2dd5b8876d5371371f872a81aed"
"md","checklist","bmm","bmad/bmm/workflows/4-implementation/correct-course/checklist.md","d883f8c21b6315fe2296a5b250913adfbbf43d3387053e94f60051b5198989a3"
"md","checklist","bmm","bmad/bmm/workflows/4-implementation/create-story/checklist.md","05a34bdba17b85b34402e5202f388534b7b277f9f81a87821a6e80d4f455ecf6"
"md","checklist","bmm","bmad/bmm/workflows/4-implementation/dev-story/checklist.md","77cecc9d45050de194300c841e7d8a11f6376e2fbe0a5aac33bb2953b1026014"
"md","checklist","bmm","bmad/bmm/workflows/4-implementation/review-story/checklist.md","549f958bfe0b28f33ed3dac7b76ea8f266630b3e67f4bda2d4ae85be518d3c89"
"md","checklist","bmm","bmad/bmm/workflows/4-implementation/story-context/checklist.md","89c90d004e0649624a533d09604384c297b2891847c87cf1dcb358e9c8d0d723"
"md","ci-burn-in","bmm","bmad/bmm/testarch/knowledge/ci-burn-in.md","42e14a03d84563ed9dffc618959b71fcfb35b6aef2e5e3a713335b96ad7709a5"
"md","cli-questions","bmm","bmad/bmm/workflows/3-solutioning/project-types/cli-questions.md","f83b13181eb4b62085e3d8ffa046359f99d2631b6c2d6141da14e15d82d0b84d"
"md","cli-tool-architecture","bmm","bmad/bmm/workflows/3-solutioning/templates/cli-tool-architecture.md","bb1688916680cfe3d723d6991d68bf288931dc27713b5f5f27ec08955a57ef4f"
"md","component-tdd","bmm","bmad/bmm/testarch/knowledge/component-tdd.md","c2d1ea48b2d43abb0cee67b139827d3f9d8ea55203a7e6e9a9f87f0c9e717e2e"
"md","contract-testing","bmm","bmad/bmm/testarch/knowledge/contract-testing.md","b0c4de2d61a9c278e82cac49d26b82019db1ae594615ebce4bf8d04657e9fc2d"
"md","data-factories","bmm","bmad/bmm/testarch/knowledge/data-factories.md","714ab838ee4d409fd9dfe5189ccd4adb5aef12bdea7bc5ca8adb6c2a2bc84a98"
"md","data-pipeline-architecture","bmm","bmad/bmm/workflows/3-solutioning/templates/data-pipeline-architecture.md","bb1688916680cfe3d723d6991d68bf288931dc27713b5f5f27ec08955a57ef4f"
"md","data-questions","bmm","bmad/bmm/workflows/3-solutioning/project-types/data-questions.md","bf8c36fb0cf622d7f36c590056cfcbd8cf667450d00d4a27a81c6776210fa6cb"
"md","desktop-app-architecture","bmm","bmad/bmm/workflows/3-solutioning/templates/desktop-app-architecture.md","bb1688916680cfe3d723d6991d68bf288931dc27713b5f5f27ec08955a57ef4f"
"md","desktop-questions","bmm","bmad/bmm/workflows/3-solutioning/project-types/desktop-questions.md","f5a50f1169cef74f0c20aca0216615dfef173bd19fb47f64f9432be69f6271ec"
"md","dev","bmm","bmad/bmm/agents/dev.md","60f912b5660c1d0cf9b02624115c60df89b80f066426320f866baa86e9c43e1c"
"md","email-auth","bmm","bmad/bmm/testarch/knowledge/email-auth.md","7d0cc4d8e810f5f18d0654dc3f1ae306e73ef63b40a58a0f094c60b3a4cd309d"
"md","embedded-firmware-architecture","bmm","bmad/bmm/workflows/3-solutioning/templates/embedded-firmware-architecture.md","bb1688916680cfe3d723d6991d68bf288931dc27713b5f5f27ec08955a57ef4f"
"md","embedded-questions","bmm","bmad/bmm/workflows/3-solutioning/project-types/embedded-questions.md","fc9a01b298f59bb26aa22e64006f5c6ec8ac6eec327eec92114b7a7f8940a507"
"md","epics-template","bmm","bmad/bmm/workflows/2-plan/prd/epics-template.md","93652c367a4138d94eebbea149c9cfc4d81cd08c8ea228ba57232275de2822be"
"md","error-handling","bmm","bmad/bmm/testarch/knowledge/error-handling.md","d3301196502dc5b6ddae56a3fbdcfce04589c28890cf1ea7f70d2591e2cf2ff6"
"md","extension-questions","bmm","bmad/bmm/workflows/3-solutioning/project-types/extension-questions.md","0c0cead79ad35d0d09b72f712b64f97a78838c9a4b58975d81c4ed3e755e6637"
"md","feature-flags","bmm","bmad/bmm/testarch/knowledge/feature-flags.md","2d97b8939d573e62c045ee8aaa98aa2b6b2e027b878636e6615619864bcebf70"
"md","fighting","bmm","bmad/bmm/workflows/2-plan/gdd/game-types/fighting.md","52e5a142aac496ae7154fc0829bfbce1ef22296f0a464cf8e595aa14ca02eb86"
"md","fixture-architecture","bmm","bmad/bmm/testarch/knowledge/fixture-architecture.md","1d3f12a29a0c1fa3737bf7e85a99691b0b2543d3693024595569cc8aae4eae07"
"md","game-architect","bmm","bmad/bmm/agents/game-architect.md","72fb5cc2253bab967511fd5d35cff172be16fbe27488618fca084a52e2827f19"
"md","game-context","bmm","bmad/bmm/workflows/1-analysis/brainstorm-game/game-context.md","d0f5cb4d6151bb65b799676281ea2af0fe1b5ec227c92ceba655ba363e18a0ba"
"md","game-designer","bmm","bmad/bmm/agents/game-designer.md","a75ab0a9c7add35380cc5626c86b096d812cea58b918d78143abfdfb528b3d74"
"md","game-dev","bmm","bmad/bmm/agents/game-dev.md","c749d307b588646d2503a79af2ac180ca64bf724cff881a85d9ce7a5b73b727c"
"md","game-engine-architecture","bmm","bmad/bmm/workflows/3-solutioning/templates/game-engine-architecture.md","999e59b8c7196d731243565806ebcbea769fcac7d352ae31f16dedf5dc252ab4"
"md","game-engine-godot-guide","bmm","bmad/bmm/workflows/3-solutioning/templates/game-engine-godot-guide.md","fb178ab700dab8ead1c00eb69f360d06982d7ac2aa5d333076ec07f279c2c459"
"md","game-engine-unity-guide","bmm","bmad/bmm/workflows/3-solutioning/templates/game-engine-unity-guide.md","5a444408dac577a50bd443f3027cc362e402df42f8254b410d1b9d0ba4d8ed14"
"md","game-engine-web-guide","bmm","bmad/bmm/workflows/3-solutioning/templates/game-engine-web-guide.md","6ba56a0d294d4798301af4a9126a69ed18e6c05899a9c4c6d518bba1de33801d"
"md","game-questions","bmm","bmad/bmm/workflows/3-solutioning/project-types/game-questions.md","fff3446cbd0c821d5e7608e274f7653c87752f3644268475b16bae0fd35bf837"
"md","gdd-template","bmm","bmad/bmm/workflows/2-plan/gdd/gdd-template.md","070ccbb7f491dc1b1d126245c2e4db4a55dbc5a7ee6a6df4be521ca70e3c9ea6"
"md","horror","bmm","bmad/bmm/workflows/2-plan/gdd/game-types/horror.md","7ff7599d5701bb7a8ef0e14f3ba614626cdd0d8960a8e880fc1cd41c5f508f75"
"md","idle-incremental","bmm","bmad/bmm/workflows/2-plan/gdd/game-types/idle-incremental.md","515b52bb301e467c1f096cc55abde47159bb0b0d87157b9fa565973b48601ddf"
"md","infra-questions","bmm","bmad/bmm/workflows/3-solutioning/project-types/infra-questions.md","8c9522d5ac3077f898ffe22e861a9688099751f312e8539bf154853d3fcb4d99"
"md","infrastructure-architecture","bmm","bmad/bmm/workflows/3-solutioning/templates/infrastructure-architecture.md","bb1688916680cfe3d723d6991d68bf288931dc27713b5f5f27ec08955a57ef4f"
"md","instructions","bmm","bmad/bmm/workflows/1-analysis/brainstorm-game/instructions.md","2b076b1b2faebdfbde4d0ae9ef19e56f4b9f6cdebaf5beb19ec31d39ed68c1f9"
"md","instructions","bmm","bmad/bmm/workflows/1-analysis/brainstorm-project/instructions.md","6f44a57e546f42d8748d34bea907e93b1fc49280bcb1437c0beab9a7739592a4"
"md","instructions","bmm","bmad/bmm/workflows/1-analysis/game-brief/instructions.md","eaf49775b737cd61c68cb3e6e00eac080922d38c1f91feabd81a8819ea0748a2"
"md","instructions","bmm","bmad/bmm/workflows/1-analysis/product-brief/instructions.md","adc2bca7732dc98d7a0bca3275bf2714763cf686f9adb13f576d3d90097c8055"
"md","instructions","bmm","bmad/bmm/workflows/3-solutioning/instructions.md","2bdb626112dba9e51371cedfed098b60673820989e3b5fdaca6acf63d339d056"
"md","instructions","bmm","bmad/bmm/workflows/3-solutioning/tech-spec/instructions.md","5e9969a8b0b0a228d167214186f03e0442b075eefc253e7dbd8e4517557166c3"
"md","instructions","bmm","bmad/bmm/workflows/4-implementation/correct-course/instructions.md","85c35e46963c338389706abebd3c3045335a9984b02ec32d6b22bf028a295204"
"md","instructions","bmm","bmad/bmm/workflows/4-implementation/create-story/instructions.md","1602895e3e7e5a555cfb30ae39f8d913819c828ac92bf7f92290e0b6f138f411"
"md","instructions","bmm","bmad/bmm/workflows/4-implementation/dev-story/instructions.md","4498c35a6cf5a6c760371612292590b3a580317aababaa1adb0958be26fe674e"
"md","instructions","bmm","bmad/bmm/workflows/4-implementation/retrospective/instructions.md","c5422a93602b0fe06e9bab87459e059d1fcd62a37575284ae4db3d94babe05e3"
"md","instructions","bmm","bmad/bmm/workflows/4-implementation/review-story/instructions.md","60a125c39390c91ab2396e4d4761ed18695e7967c8f0f81d8b28b1f9deb31a34"
"md","instructions","bmm","bmad/bmm/workflows/4-implementation/story-context/instructions.md","40e4a9a3c0d97207a3a560c02a8d0c7c2e0129a71f044153b9537865a9d0e6db"
"md","instructions","bmm","bmad/bmm/workflows/testarch/atdd/instructions.md","946b00119290758ab2900498f19ae3514e0d291eb65099c47ddbd793306d8e31"
"md","instructions","bmm","bmad/bmm/workflows/testarch/automate/instructions.md","b74121f6bc87ae73c8b7b8b2bc4257801262cb8924239ebe9a4e3228d042ac1d"
"md","instructions","bmm","bmad/bmm/workflows/testarch/ci/instructions.md","d2a8d515af18767d211909d91691ff41c6baa572d06f6778592b08b3fbd54148"
"md","instructions","bmm","bmad/bmm/workflows/testarch/framework/instructions.md","7065d32554f138f5af848759c96e55aca921fd5839f5dad593849e358132f002"
"md","instructions","bmm","bmad/bmm/workflows/testarch/gate/instructions.md","ea0f9bc1c67f2a1089f3d6937e851b8b74c0dde7d65f649f9301b0effd99b95d"
"md","instructions","bmm","bmad/bmm/workflows/testarch/nfr-assess/instructions.md","fbb0b3c5ad8210f522858e2daf872f2b050db898c4bb090056bf42980046d54b"
"md","instructions","bmm","bmad/bmm/workflows/testarch/test-design/instructions.md","293a06ff2ce67485d5acb8d262c0f8dff3b98c15af1848b4219bf14eaa7ea03a"
"md","instructions","bmm","bmad/bmm/workflows/testarch/trace/instructions.md","2861e1981f42bb0db09fa79ce2954836f5844ec8744ea2d33d3f05d3543963b2"
"md","instructions-deep-prompt","bmm","bmad/bmm/workflows/1-analysis/research/instructions-deep-prompt.md","323dc9d20f806eb8505f8452e3102995e08d2b25491c1fe28ce3a7dfba704f39"
"md","instructions-gdd","bmm","bmad/bmm/workflows/2-plan/gdd/instructions-gdd.md","0719e1c21d2f426bffb7f6820b6bdcb9f09e0ae257a0bd9ab4bcf063abc45da0"
"md","instructions-lg","bmm","bmad/bmm/workflows/2-plan/prd/instructions-lg.md","27bd8b95bf272a6f671c779a53ef51825e10fea0377aa489c21556e83a5e4d4d"
"md","instructions-market","bmm","bmad/bmm/workflows/1-analysis/research/instructions-market.md","feea2761bb7ae390229b412e9438832046ecb85381b1cef11cee638b264bc9ad"
"md","instructions-med","bmm","bmad/bmm/workflows/2-plan/prd/instructions-med.md","6d74936e2df479cc10b2ae5927091b169aeec7eccbf0ad6ff1c0b8a41cc404f4"
"md","instructions-narrative","bmm","bmad/bmm/workflows/2-plan/narrative/instructions-narrative.md","4c424d0d79b940debbbc1d4afb44983d0ef8ee057c24afcfa84a7ada323e4b5d"
"md","instructions-router","bmm","bmad/bmm/workflows/1-analysis/research/instructions-router.md","8fd0b15d98dad9c5efdc4d06add6dfe389de4d85b3920e099aa911e6fb42c5f5"
"md","instructions-router","bmm","bmad/bmm/workflows/2-plan/instructions-router.md","7d60e857e4dd5481f578c12d203146b18c300397d9b905bd6019c84e4a3e5416"
"md","instructions-sm","bmm","bmad/bmm/workflows/2-plan/tech-spec/instructions-sm.md","625e6ce24143c91038cdd8590f3012c717f98045febbc0168624762cef8b6d66"
"md","instructions-technical","bmm","bmad/bmm/workflows/1-analysis/research/instructions-technical.md","fe38fc3ffbdcc9738ba69089deee7496ec1bc5df80f4fa6acba3c5eaec602f69"
"md","instructions-ux","bmm","bmad/bmm/workflows/2-plan/ux/instructions-ux.md","04c99c47126c7899e99d547625d592b3861777c5812386cc71632117bfb54e7c"
"md","library-package-architecture","bmm","bmad/bmm/workflows/3-solutioning/templates/library-package-architecture.md","bb1688916680cfe3d723d6991d68bf288931dc27713b5f5f27ec08955a57ef4f"
"md","library-questions","bmm","bmad/bmm/workflows/3-solutioning/project-types/library-questions.md","1a21b0345744a108590f293a492345bb6370af561a7875985f6307816df178ae"
"md","metroidvania","bmm","bmad/bmm/workflows/2-plan/gdd/game-types/metroidvania.md","2a8c101dda7911d1cd1d9c66d1be86af3725832f5dcc7fab71e95204f45614ea"
"md","moba","bmm","bmad/bmm/workflows/2-plan/gdd/game-types/moba.md","92d0ba9f7508a38d5bfeac1651c6aee8a1a58c54659ad3f0e0d1fd678a1ef498"
"md","mobile-app-architecture","bmm","bmad/bmm/workflows/3-solutioning/templates/mobile-app-architecture.md","bb1688916680cfe3d723d6991d68bf288931dc27713b5f5f27ec08955a57ef4f"
"md","mobile-questions","bmm","bmad/bmm/workflows/3-solutioning/project-types/mobile-questions.md","5b44cf9cac7d035ec754e335be8ba78046f70934825d074c474be29938075440"
"md","narrative-template","bmm","bmad/bmm/workflows/2-plan/narrative/narrative-template.md","a97e07173c540f85e946eb9c525e1ccad9294ae5f970760f2a9c537b5c0dcd6b"
"md","network-first","bmm","bmad/bmm/testarch/knowledge/network-first.md","555dbb40e8e3e17d09e1bf3532d46c28a13fc5c868942b04f27937bcb6365ee8"
"md","nfr-criteria","bmm","bmad/bmm/testarch/knowledge/nfr-criteria.md","384beb17c8d127cc0a26ddf55a71a4c75c770517b1454ee3177500a93d7b558e"
"md","party-game","bmm","bmad/bmm/workflows/2-plan/gdd/game-types/party-game.md","0cc50b3aede0c45c94cdff743cdac2d8ad67421ea80497a29d2300a1744ea703"
"md","playwright-config","bmm","bmad/bmm/testarch/knowledge/playwright-config.md","6583c48c974f1be27bd0ac4f33c19de96f3714fa86a3b5e39cfcaa7adb90614c"
"md","pm","bmm","bmad/bmm/agents/pm.md","bf8a269ae1a5d13628d9a635cf1fb71a4cfa099daea668a3ca6d0185e6bc74ac"
"md","po","bmm","bmad/bmm/agents/po.md","aee056320ecb672ac3a92cf0389b02a59fbcfc4a07e604616eb40e8d9e7e7182"
"md","prd-template","bmm","bmad/bmm/workflows/2-plan/prd/prd-template.md","db91b88f1457b95b6e44b8eeaf57b54b075f3300cb7d71294d12848d5c4beef6"
"md","probability-impact","bmm","bmad/bmm/testarch/knowledge/probability-impact.md","6786eb7162bddaa0b8b66d612082de1c2837e5740776436cc3e973fb7f972a65"
"md","project-context","bmm","bmad/bmm/workflows/1-analysis/brainstorm-project/project-context.md","0f1888da4bfc4f24c4de9477bd3ccb2a6fb7aa83c516dfdc1f98fbd08846d4ba"
"md","puzzle","bmm","bmad/bmm/workflows/2-plan/gdd/game-types/puzzle.md","f9c08b6f087bfaa41ea08c9dfa78aa034f5ae46b627b9f476bdf8b4f5c3389ed"
"md","racing","bmm","bmad/bmm/workflows/2-plan/gdd/game-types/racing.md","085ea5d0914d7bc6a233c479d0ad6288a575ad1c8b9a8a85881e779fac0e60fc"
"md","README","bmm","bmad/bmm/README.md","24b4bde82d2c9cfd10bf7ac38ec8d769249935f3f255eeed3c77ae8e78bb6e6c"
"md","README","bmm","bmad/bmm/testarch/README.md","9adbee749e3b311d14ff7e317d690ff857eeb40bb4bb6465e2de16077eb68c9d"
"md","README","bmm","bmad/bmm/workflows/1-analysis/brainstorm-game/README.md","4d704cf0ff96239cb37974009a3db1f067cf6d6fed48774746969f845f021a5a"
"md","README","bmm","bmad/bmm/workflows/1-analysis/brainstorm-project/README.md","d4ef2c6f5033cdb58e713cf30a8f88b37d83a361601bbeca38e15f9470535699"
"md","README","bmm","bmad/bmm/workflows/1-analysis/game-brief/README.md","cc922fd97a0fb4aab624e35e24ada783fdbd4b057b8a8e2f8c550087f1725596"
"md","README","bmm","bmad/bmm/workflows/1-analysis/product-brief/README.md","e891a719ac22e5cd754b55efc7b2f367094c8fa00e802139b3cb1f9fabf1c559"
"md","README","bmm","bmad/bmm/workflows/1-analysis/research/README.md","e365d495308a23d6163f3353c4efa254ecaef0ef9ecf7427398509de751ca207"
"md","README","bmm","bmad/bmm/workflows/2-plan/README.md","0bfcbccdc96c45496bacad43b02505f12dc15d26de8a9b8b746c73cce83e73c5"
"md","README","bmm","bmad/bmm/workflows/2-plan/gdd/README.md","2dfdc93ab6c9c5982c3a79bb184cd468fd59a44565ad23188a4a1a8f32208588"
"md","README","bmm","bmad/bmm/workflows/3-solutioning/README.md","535dfb7874538a6c6184cc57f3b5f8d5ef49388f8125255fd5fcaec34418ec64"
"md","README","bmm","bmad/bmm/workflows/3-solutioning/tech-spec/README.md","c9cdbdd691fcf63e4ed38e4a2998739c07ce57d63b5464da4545835fe030812d"
"md","README","bmm","bmad/bmm/workflows/4-implementation/correct-course/README.md","7d5324ef1abbb4b46da2f850e7b57ce8856a5c6b3f9b2af2804f9cd71f007d8f"
"md","README","bmm","bmad/bmm/workflows/4-implementation/create-story/README.md","19d8633f4688aa914d237f3ad7a72c40b82506fc82442d52a1b0277ab10b28ab"
"md","README","bmm","bmad/bmm/workflows/4-implementation/dev-story/README.md","808dbd7c69efcf4c0651dc95d49ee2d4bbd95b986398359387578f6b3006bdda"
"md","README","bmm","bmad/bmm/workflows/4-implementation/retrospective/README.md","ae7e8503dabb3f8b9e21e662a8143a996b825a658f6e8feef53b43502246353c"
"md","README","bmm","bmad/bmm/workflows/4-implementation/review-story/README.md","bf8aacb0692173df34923cb643372403a7c1cd83d1457c68fa6c38f2c5e18207"
"md","README","bmm","bmad/bmm/workflows/4-implementation/story-context/README.md","aadd2d77c2c254a358a0b91f4db48a1ad69815226120fab74ebc40bc209f8246"
"md","README","bmm","bmad/bmm/workflows/README.md","3ddd678a750aec71b32f9c9b2760828b48cf8f234925b5c76dc2a879710a1f59"
"md","README","bmm","bmad/bmm/workflows/testarch/README.md","d148c9ec9430f492c81d8e91fd4a2fab144a9ce80583dfdaa8acd120b572a735"
"md","rhythm","bmm","bmad/bmm/workflows/2-plan/gdd/game-types/rhythm.md","83bbf1761fdc604b8c2b50ed86c5874cce331417e1b3a46c65cb6c4c1a7c8db2"
"md","risk-governance","bmm","bmad/bmm/testarch/knowledge/risk-governance.md","2642089dddb690f71008c7986f770bf486e711e820d36226df721d356045b4f9"
"md","roguelike","bmm","bmad/bmm/workflows/2-plan/gdd/game-types/roguelike.md","fb1ebc838011020a6f740e6fb4f2ceb81be8477f9c67bc7ae3a8e34dfe548f00"
"md","rpg","bmm","bmad/bmm/workflows/2-plan/gdd/game-types/rpg.md","5aa57ecefb448a0507ee0c8d503b43bd34d0c612ba130240d1af9842b80cba50"
"md","sandbox","bmm","bmad/bmm/workflows/2-plan/gdd/game-types/sandbox.md","836f656bbaae549f31ac574c0865a61de451c08ab8c561db2c93398e147ece85"
"md","selective-testing","bmm","bmad/bmm/testarch/knowledge/selective-testing.md","e669fb7a5e897efefa582f96807800625bea5cb73bfab9eadf564a8477d77f2a"
"md","shooter","bmm","bmad/bmm/workflows/2-plan/gdd/game-types/shooter.md","2452850295ac2b9fac04ce2d6126bfc19bb7dccbb04c40e7f89c801aecc5555d"
"md","simulation","bmm","bmad/bmm/workflows/2-plan/gdd/game-types/simulation.md","fd74a7d21243f8d9827fe6a99263579309bc0aabd9e56261d3dd4eb5cfc75ad5"
"md","sm","bmm","bmad/bmm/agents/sm.md","de0a9cd5a76ebe5ce944fa3d81853d15305b55410929abcecdbedab1a1c5ac3a"
"md","sports","bmm","bmad/bmm/workflows/2-plan/gdd/game-types/sports.md","2247ea87dbca74e879f8c686d9e80434618e9e61bd3572739274c1af64cb0bb8"
"md","strategy","bmm","bmad/bmm/workflows/2-plan/gdd/game-types/strategy.md","997380919f6c1b408906c364f74e728b9c6b45bf2960d1f0bfe8b0def594735e"
"md","survival","bmm","bmad/bmm/workflows/2-plan/gdd/game-types/survival.md","3647795ee0073a85217633412a41a938e51a553776acbe9ac953fb403e3437f9"
"md","tea","bmm","bmad/bmm/agents/tea.md","2878f1cca1000b96052551a04031d58b0efa44691ffc943f6aa723f1d8eee9e3"
"md","tech-spec-template","bmm","bmad/bmm/workflows/2-plan/tech-spec/tech-spec-template.md","79e0b33c3e191603160bf2e6f11497ff3be010878cd1008dc986e2b957a9230c"
"md","template","bmm","bmad/bmm/workflows/1-analysis/game-brief/template.md","6d5555fae3763e8528898663d51276e0cc7d2d9725a8c74162d8e9732dbc5843"
"md","template","bmm","bmad/bmm/workflows/1-analysis/product-brief/template.md","6e80489578bf0908c70742b36997007ea3978bcd14af7ee6b1dca5d54679090e"
"md","template","bmm","bmad/bmm/workflows/3-solutioning/tech-spec/template.md","f27cf5523b383afa33918f02d2ecf37bd2fb514e3eff3a6b423684667d8678f0"
"md","template","bmm","bmad/bmm/workflows/4-implementation/create-story/template.md","a8d2311822cd90aab2f0b1a064b97ff48f46fa6dcc9499bb7afc043cac8d0969"
"md","template-deep-prompt","bmm","bmad/bmm/workflows/1-analysis/research/template-deep-prompt.md","2e65c7d6c56e0fa3c994e9eb8e6685409d84bc3e4d198ea462fa78e06c1c0932"
"md","template-market","bmm","bmad/bmm/workflows/1-analysis/research/template-market.md","28631d8693beac54f4b47f38b143d5efc91f8ed7673e396a7b40304db7eba6cb"
"md","template-technical","bmm","bmad/bmm/workflows/1-analysis/research/template-technical.md","6f571c638c9d2f12ded2cf82ed7c5064a25e99f197fcd42dc558cb45e7ebaf93"
"md","test-levels-framework","bmm","bmad/bmm/testarch/knowledge/test-levels-framework.md","85feecbee24c2e2efa7e3a7c5b455eddfad2f262ffe3ee84b7759c45576b3f10"
"md","test-priorities-matrix","bmm","bmad/bmm/testarch/knowledge/test-priorities-matrix.md","b18dfbb0d81112d1333ad5abe29ef719b72906d013679347c9e019fef33958fe"
"md","test-quality","bmm","bmad/bmm/testarch/knowledge/test-quality.md","314e926651965c9bd535b41d17bb378232b23c08d13b997d947331f2f073b504"
"md","text-based","bmm","bmad/bmm/workflows/2-plan/gdd/game-types/text-based.md","5895ca65dc93f676bb33b754f2c6be85d5d9b651df87d8431d404dc9bb736ee7"
"md","tower-defense","bmm","bmad/bmm/workflows/2-plan/gdd/game-types/tower-defense.md","03a2cc577fdd1a183ba04409b01b22f2f38713d28f1278481b0f221858f97ec8"
"md","turn-based-tactics","bmm","bmad/bmm/workflows/2-plan/gdd/game-types/turn-based-tactics.md","30a150d8a0ab746f0c67d414be79e7e421fff1b8b7a1b716e64800df72bdb6c2"
"md","ux-expert","bmm","bmad/bmm/agents/ux-expert.md","6d5dabaf04d4c98ee90e383341ff1c2ba0176c30370fd7c1a54d50b4b5f55d04"
"md","ux-spec-template","bmm","bmad/bmm/workflows/2-plan/ux/ux-spec-template.md","b04fa73b5cc1c835f0ddd7a8699b458b8631ecd4add2fb0be4f47b8ba5bfd54e"
"md","visual-debugging","bmm","bmad/bmm/testarch/knowledge/visual-debugging.md","8c0c625f73761c318fc05cdbc57f4ed21a871d9fe2df2ffba91f8ec7c9835032"
"md","visual-novel","bmm","bmad/bmm/workflows/2-plan/gdd/game-types/visual-novel.md","2d98f4c682f0abbd6330ac1bad04600c596e6b27302adbe9510fc0c0bf53052c"
"md","web-api-architecture","bmm","bmad/bmm/workflows/3-solutioning/templates/web-api-architecture.md","bb1688916680cfe3d723d6991d68bf288931dc27713b5f5f27ec08955a57ef4f"
"md","web-fullstack-architecture","bmm","bmad/bmm/workflows/3-solutioning/templates/web-fullstack-architecture.md","48f17f9a8063af9bc123967abb143c45a69c1742e8573807948768733cd680d3"
"md","web-questions","bmm","bmad/bmm/workflows/3-solutioning/project-types/web-questions.md","0f214e0a4a9e81eb9994a3f1d82ef2c5358e97baa2ca6320ba0a7a73747fa4aa"
"xml","context-template","bmm","bmad/bmm/workflows/4-implementation/story-context/context-template.xml","6b88d07ff10f51bb847d70e02f22d8927beb6ef1e55d5acf647e8f23b5821921"
"xml","daily-standup","bmm","bmad/bmm/tasks/daily-standup.xml","51b7938726bd2ad32d9ccc3b1bbad89b6023ddc607d3714cc5f2fd91d296465b"
"xml","retrospective","bmm","bmad/bmm/tasks/retrospective.xml","0c7ed9b6a5a590a58f35fca3f9d04e548bb62fb3e9bd0c8e22df24c1dc905c7b"
"yaml","analyst.agent","bmm","bmad/bmm/agents/analyst.agent.yaml",""
"yaml","architect.agent","bmm","bmad/bmm/agents/architect.agent.yaml",""
"yaml","config","bmm","bmad/bmm/config.yaml","8913c91301c574457dba7fcfeba05068d90c75aaae8751418292a546c3c4c6a7"
"yaml","dev.agent","bmm","bmad/bmm/agents/dev.agent.yaml",""
"yaml","game-architect.agent","bmm","bmad/bmm/agents/game-architect.agent.yaml",""
"yaml","game-designer.agent","bmm","bmad/bmm/agents/game-designer.agent.yaml",""
"yaml","game-dev.agent","bmm","bmad/bmm/agents/game-dev.agent.yaml",""
"yaml","injections","bmm","bmad/bmm/workflows/1-analysis/research/claude-code/injections.yaml","dd6dd6e722bf661c3c51d25cc97a1e8ca9c21d517ec0372e469364ba2cf1fa8b"
"yaml","pm.agent","bmm","bmad/bmm/agents/pm.agent.yaml",""
"yaml","po.agent","bmm","bmad/bmm/agents/po.agent.yaml",""
"yaml","sm.agent","bmm","bmad/bmm/agents/sm.agent.yaml",""
"yaml","tea.agent","bmm","bmad/bmm/agents/tea.agent.yaml",""
"yaml","team-all","bmm","bmad/bmm/teams/team-all.yaml","65e3087d727efdec02565758c1bd07e13e7dff0e102847d4dd65e0e77a88debc"
"yaml","team-gamedev","bmm","bmad/bmm/teams/team-gamedev.yaml","74f8951a5e57ff1687ec5f79c8f58e8d78d55a80bdd96d8b825f1f321c39ba25"
"yaml","team-planning","bmm","bmad/bmm/teams/team-planning.yaml","b337fa82a75b842f5c94f67535e63c1da6c22e778e03d289572fe26622672261"
"yaml","ux-expert.agent","bmm","bmad/bmm/agents/ux-expert.agent.yaml",""
"yaml","workflow","bmm","bmad/bmm/workflows/1-analysis/brainstorm-game/workflow.yaml","39337c210310c50edccf556f91a56a2a36eb2810d9ae1c55a9cdfcf558bff427"
"yaml","workflow","bmm","bmad/bmm/workflows/1-analysis/brainstorm-project/workflow.yaml","81ae3e39ba3a98891179b9174388286ea3ce2a7e7e754bc0b2c30beb36e9a1ff"
"yaml","workflow","bmm","bmad/bmm/workflows/1-analysis/game-brief/workflow.yaml","b3d3f58c4119ed0db6c4d24bc5be30489057504b023f42fcb168e3d93be52357"
"yaml","workflow","bmm","bmad/bmm/workflows/1-analysis/product-brief/workflow.yaml","0a95dea856d0b8142815d229fcdff5a98d2e946888c64b262124f6afa906425e"
"yaml","workflow","bmm","bmad/bmm/workflows/1-analysis/research/workflow.yaml","60477226a00e4b865a6f0980018bacd30372a79715e9de3c2daee3456a8eac6b"
"yaml","workflow","bmm","bmad/bmm/workflows/2-plan/gdd/workflow.yaml","6599f01ae64fa2751172e21d39730d72799f160de198bdae6e25e82966cb38ae"
"yaml","workflow","bmm","bmad/bmm/workflows/2-plan/narrative/workflow.yaml","28978532167f1efe9f73e57ce3a45746cf4b6bc101e3e1a9354acf5956750214"
"yaml","workflow","bmm","bmad/bmm/workflows/2-plan/prd/workflow.yaml","467c0e2bfbe4c597fbd6ba2a1ae960222351b2e9457bff2e21f214ab3025dd75"
"yaml","workflow","bmm","bmad/bmm/workflows/2-plan/tech-spec/workflow.yaml","7d601786041e12c9b50135fc1e814cc4397d68ac3fdc9d9a37af6b16a6591d77"
"yaml","workflow","bmm","bmad/bmm/workflows/2-plan/ux/workflow.yaml","6674e26f2e18e16c57a6d32a321ca6d6bbc043aa3f8340b604798edee1f02eeb"
"yaml","workflow","bmm","bmad/bmm/workflows/2-plan/workflow.yaml","7668ea0aa6bd8153f1085b7e2c3c477ee9828f1d67d4804665163b0a319c8e94"
"yaml","workflow","bmm","bmad/bmm/workflows/3-solutioning/tech-spec/workflow.yaml","e965596daac7d0232751301af91b3d15d8e828f9104c5b2bfc79ec362112f733"
"yaml","workflow","bmm","bmad/bmm/workflows/3-solutioning/workflow.yaml","6c703cf15b931a96ba563e5d06b96b629ade0e890e7d6c792ec404cceff92fb8"
"yaml","workflow","bmm","bmad/bmm/workflows/4-implementation/correct-course/workflow.yaml","e22bce828e334a2bb37379162c1706a8dd09d9bf73d1e0315b20fb4cfa173d25"
"yaml","workflow","bmm","bmad/bmm/workflows/4-implementation/create-story/workflow.yaml","b03ea6114392d28adb7915354f41401818e54f5ff24a1938813f04d41740b233"
"yaml","workflow","bmm","bmad/bmm/workflows/4-implementation/dev-story/workflow.yaml","c99b6cb5b984998d07295af636af37dd3a8cba3e07376de2e4b448294cd80f39"
"yaml","workflow","bmm","bmad/bmm/workflows/4-implementation/retrospective/workflow.yaml","dd84fc9aa227a84fb461ec5c4c4bbcb5e297fffa5f071eb96c4095589cf4a6ad"
"yaml","workflow","bmm","bmad/bmm/workflows/4-implementation/review-story/workflow.yaml","9141ed4d53b7de733faf82541427c5ca83e86a26d61546a1b2952051d9b1f081"
"yaml","workflow","bmm","bmad/bmm/workflows/4-implementation/story-context/workflow.yaml","130817c35bb68ea698a8100c80238471a505deb89882b9e09a58058667c93dbe"
"yaml","workflow","bmm","bmad/bmm/workflows/testarch/atdd/workflow.yaml","c1c0206042dc9b96b4a717b5187a4cf5c0254256625ff7b88c0c32094c419d4d"
"yaml","workflow","bmm","bmad/bmm/workflows/testarch/automate/workflow.yaml","d4f0ae9520e8515ce1cef5372993ad721cf3389167815f00a8fbd93d5fc4d9de"
"yaml","workflow","bmm","bmad/bmm/workflows/testarch/ci/workflow.yaml","303c2cae23251d7ebb400987dbaf422cb6aebe6b77cb886aafb0ac2eb9dbe2ac"
"yaml","workflow","bmm","bmad/bmm/workflows/testarch/framework/workflow.yaml","328d7e7e0edbbaff18761e1fe0e753f985b25028611f363ae84d09115160620f"
"yaml","workflow","bmm","bmad/bmm/workflows/testarch/gate/workflow.yaml","86eb4a240f10adad14ee211e2be1ca89bf31a41b9f5a8e7bb0719caf32405912"
"yaml","workflow","bmm","bmad/bmm/workflows/testarch/nfr-assess/workflow.yaml","9372ffd0c107bebc58cd93fb9bf8e7d0e4cdb5e55eabebaf6a7a821cc946c7e1"
"yaml","workflow","bmm","bmad/bmm/workflows/testarch/test-design/workflow.yaml","08fe57d8bf91c6866699bce92ea05b1e694aa72fde2a3b530833a1556e2fef1a"
"yaml","workflow","bmm","bmad/bmm/workflows/testarch/trace/workflow.yaml","0b841730236e0e0a140dfd99a82ab66cec26930f07fe3bb9154cc02e8bb9d29d"
"csv","design-methods","cis","bmad/cis/workflows/design-thinking/design-methods.csv","f5fe4a911305fb94af37d21d3a74847eb37a028ef9da994459a2c64a5a52c9de"
"csv","innovation-frameworks","cis","bmad/cis/workflows/innovation-strategy/innovation-frameworks.csv","59780af3d50270bf978a9a8919cd156d38678f32cbac4f9fd960a074545b8e33"
"csv","solving-methods","cis","bmad/cis/workflows/problem-solving/solving-methods.csv","c0aa9c9ed2cee8c86d9a0691d9884485495da104c42e4909e3ee235432f72a13"
"csv","story-types","cis","bmad/cis/workflows/storytelling/story-types.csv","ec5a3c713617bf7e2cf7db439303dd8f3363daa2f6db20a350c82260ade88bdb"
"md","brainstorming-coach","cis","bmad/cis/agents/brainstorming-coach.md","7be135e2ba21d7e1dcf12db5b6095a130721ca3c8f59a1307f9abb1feceae4ae"
"md","creative-problem-solver","cis","bmad/cis/agents/creative-problem-solver.md","fc994300117803a5b8ba4a807a8a2ed5af0ad1b1cdb47b9bec833f8c1d772bac"
"md","design-thinking-coach","cis","bmad/cis/agents/design-thinking-coach.md","89c6e76d65e563dcd1146dd73d5053b754fefe9b6aac3bf8ddeb54ec31e1382c"
"md","innovation-strategist","cis","bmad/cis/agents/innovation-strategist.md","7fc8f97f86be9be335345391a20dc0083fa9b809c34a7e712c5e1f5f35fb89cb"
"md","instructions","cis","bmad/cis/workflows/design-thinking/instructions.md","40e09c9c8dfcb57bb9f89f6357d619dc006d6520239494144a9122e5086d87dc"
"md","instructions","cis","bmad/cis/workflows/innovation-strategy/instructions.md","fa8fbe1e56f666b0931a0c782cbf49f8b65dfa366c8ffa208f21ba3881bdb331"
"md","instructions","cis","bmad/cis/workflows/problem-solving/instructions.md","9b4e1fd2e5ea8ce5c6d4fdb495291775225ad7aaca8a39d7ac3351b7475c0cc1"
"md","instructions","cis","bmad/cis/workflows/storytelling/instructions.md","6d6d68a4cdc57dafc1a25baa1ce8ff124f9eabfa094e72231e1856fae7d42cf4"
"md","readme","cis","bmad/cis/readme.md","1f1476a033812c687724619f8bb00eb9c994ecff7dc08c52bd92cfb9f822b6f1"
"md","README","cis","bmad/cis/agents/README.md","dd7276c44ba77e9d856efaa9587666267279564a3f930398869f475341cd9c38"
"md","README","cis","bmad/cis/workflows/README.md","91b568dcdda5ba635f4c0cc3ff72329532637de2ecb5a2758642ce4c2d4bf817"
"md","README","cis","bmad/cis/workflows/design-thinking/README.md","0a38f88352dc4674f6e1f55a67ffebf403bf329c874a21a49ce7834c08f91f62"
"md","README","cis","bmad/cis/workflows/innovation-strategy/README.md","820a9e734fadf2cfac94d499cec2e4b41a54d054c0d2f6b9819da319beee4fb9"
"md","README","cis","bmad/cis/workflows/problem-solving/README.md","a5e75b9899751d7aabffcf65785f10d4d2e0455f8c7c541e8a143e3babceca8b"
"md","README","cis","bmad/cis/workflows/storytelling/README.md","1bad4223dce51cb5a7ab8c116467f78037a4583d3a840210ee2f160ad15b71ee"
"md","storyteller","cis","bmad/cis/agents/storyteller.md","3c705766611d6f29d8694721bd7f5e09923a86fb0c3730cde0c1033ed345a380"
"md","template","cis","bmad/cis/workflows/design-thinking/template.md","7834c387ac0412c841b49a9fcdd8043f5ce053e5cb26993548cf4d31b561f6f0"
"md","template","cis","bmad/cis/workflows/innovation-strategy/template.md","3e649531c0d8ac94e147159cd456aa0e1726439e8518c3ccc2ad08fc486aed59"
"md","template","cis","bmad/cis/workflows/problem-solving/template.md","6c9efd7ac7b10010bd9911db16c2fbdca01fb0c306d871fa6381eef700b45608"
"md","template","cis","bmad/cis/workflows/storytelling/template.md","461981aa772ef2df238070cbec90fc40995df2a71a8c22225b90c91afed57452"
"yaml","brainstorming-coach.agent","cis","bmad/cis/agents/brainstorming-coach.agent.yaml",""
"yaml","config","cis","bmad/cis/config.yaml","de76b1676b3fbe4d45b1ff3268729ee121e41042222cd0f2827037b1bda8c9bf"
"yaml","creative-problem-solver.agent","cis","bmad/cis/agents/creative-problem-solver.agent.yaml",""
"yaml","creative-squad","cis","bmad/cis/teams/creative-squad.yaml","5c31e9dd98fff661baa82e71ae3dd5856883fabbc245a62e28a77c4e2df83dec"
"yaml","design-thinking-coach.agent","cis","bmad/cis/agents/design-thinking-coach.agent.yaml",""
"yaml","innovation-strategist.agent","cis","bmad/cis/agents/innovation-strategist.agent.yaml",""
"yaml","storyteller.agent","cis","bmad/cis/agents/storyteller.agent.yaml",""
"yaml","workflow","cis","bmad/cis/workflows/design-thinking/workflow.yaml","a1978e265f0470c7b77ba9279609c690a179b0fc4437aaeb53ea49818a858110"
"yaml","workflow","cis","bmad/cis/workflows/innovation-strategy/workflow.yaml","f1b6617afd69b0c3bcd3fc1dcdc74a22ff1f77b47ee04d49d7cf5e884540c958"
"yaml","workflow","cis","bmad/cis/workflows/problem-solving/workflow.yaml","f5b16fb8c5b91b3e5f828f722fd46f40741d1407155207c0cd0042534b202264"
"yaml","workflow","cis","bmad/cis/workflows/storytelling/workflow.yaml","c867f8bef9954973fd9dd73e063060a9b9c4a1ad8273cc68ead55e6d8c8701d3"
"csv","adv-elicit-methods","core","bmad/core/tasks/adv-elicit-methods.csv","b4e925870f902862899f12934e617c3b4fe002d1b652c99922b30fa93482533b"
"csv","brain-methods","core","bmad/core/workflows/brainstorming/brain-methods.csv","ecffe2f0ba263aac872b2d2c95a3f7b1556da2a980aa0edd3764ffb2f11889f3"
"md","bmad-master","core","bmad/core/agents/bmad-master.md","b942beca779d71863c4a0b458862525758cd7abf368213c6d7f2276764b0a5bd"
"md","instructions","core","bmad/core/workflows/bmad-init/instructions.md","f4eff0e5f8c060126cb3027e3b0a343451ff25cd8fac28551e70281c3b16a5b2"
"md","instructions","core","bmad/core/workflows/brainstorming/instructions.md","f8fe9b1ba9a0132de3e8cd824006a59ff1dd4a92a3ff83daf0ff4e020890d4ca"
"md","instructions","core","bmad/core/workflows/party-mode/instructions.md","ea0e0e76de91d872efb3b4397627801452f21a39d094a77c41edc93f8dc4238b"
"md","README","core","bmad/core/workflows/brainstorming/README.md","ca469d9fbb2b9156491d160e11e2517fdf85ea2c29f41f92b22d4027fe7d9d2a"
"md","template","core","bmad/core/workflows/brainstorming/template.md","b5c760f4cea2b56c75ef76d17a87177b988ac846657f4b9819ec125d125b7386"
"xml","adv-elicit","core","bmad/core/tasks/adv-elicit.xml","94f004a336e434cd231de35eb864435ac51cd5888e9befe66e326eb16497121e"
"xml","bmad-web-orchestrator.agent","core","bmad/core/agents/bmad-web-orchestrator.agent.xml","91a5c1b660befa7365f427640b4fa3dbb18f5e48cd135560303dae0939dccf12"
"xml","index-docs","core","bmad/core/tasks/index-docs.xml","8d011ea850571d448932814bad7cbedcc8aa6e3e28868f55dcc7c2ba82158901"
"xml","validate-workflow","core","bmad/core/tasks/validate-workflow.xml","1244874db38a55d957995ed224812ef868ff1451d8e1901cc5887dd0eb1c236e"
"xml","workflow","core","bmad/core/tasks/workflow.xml","0b2b7bd184e099869174cc8d9125fce08bcd3fd64fad50ff835a42eccf6620e2"
"yaml","bmad-master.agent","core","bmad/core/agents/bmad-master.agent.yaml",""
"yaml","config","core","bmad/core/config.yaml","75bcde042363a42e30de06f283cfed8c882adfec0b782b682f3eccb75c2a956f"
"yaml","workflow","core","bmad/core/workflows/bmad-init/workflow.yaml","ec0b25447d888267f37195cb12e8f2d3eedc42193b04e2ea1e906766b58b7f78"
"yaml","workflow","core","bmad/core/workflows/brainstorming/workflow.yaml","52db57678606b98ec47e603c253c40f98815c49417df3088412bbbd8aa7f34d3"
"yaml","workflow","core","bmad/core/workflows/party-mode/workflow.yaml","979e986780ce919abbdae89b3bd264d34a1436036a7eb6f82f40e59c9ce7c2e8"
